<?xml version="1.0" encoding="utf-8"?>
<productAdditionalComps>
   <dependsOn>
      <component>
         <name>DosiGUI</name>
         <locale/>
         <platformList>
            <platform>maci64</platform>
         </platformList>
         <version>11.12</version>
      </component>
   </dependsOn>
   <isControllingProduct>true</isControllingProduct>
   <platform>maci64</platform>
   <productName>DosiGUI</productName>
   <productNumber>5000</productNumber>
   <productBaseCode>DosiGUI</productBaseCode>
   <productVersion>11.12</productVersion>
   <releaseFamily>R2020b</releaseFamily>
   <releaseDescription>R2020b</releaseDescription>
</productAdditionalComps>